City_ID,City,Lat,Lng,Max Temp,Humidity,Cloudiness,Wind Speed,Country,Date
0,kondagaon,19.6,81.6667,22.51,94,100,2.25,IN,1723083145
1,catral,38.158,-0.7969,27.34,61,0,1.79,ES,1723083146
2,saipan,15.1355,145.701,32.39,70,40,3.6,MP,1723083147
3,san pascual,13.7975,121.0342,30.35,70,16,5.35,PH,1723083148
4,longyearbyen,78.2186,15.6401,10.91,93,75,0.0,SJ,1723083149
5,yellowknife,62.456,-114.3525,21.9,47,0,5.36,CA,1723083150
6,bethel,41.3712,-73.414,18.64,88,99,0.89,US,1723083151
7,stanley,54.868,-1.6985,13.77,84,0,3.6,GB,1723082901
8,ghat,24.9647,10.1728,30.32,15,4,1.28,LY,1723083154
9,chonchi,-42.6128,-73.8092,5.07,97,25,0.41,CL,1723083155
10,tazovsky,67.4667,78.7,8.55,76,46,5.47,RU,1723083156
11,waitangi,-43.9535,-176.5597,12.12,73,45,3.13,NZ,1723083157
12,ara nova,41.9273,12.2397,25.5,88,0,0.51,IT,1723083158
13,udachny,66.4167,112.4,22.09,47,100,9.34,RU,1723083159
14,archangelos,36.2149,28.1149,26.84,54,0,1.99,GR,1723083161
15,kayyerkan,69.3786,87.7439,10.54,69,5,7.99,RU,1723083162
16,palmer,42.1584,-72.3287,17.51,80,0,0.0,US,1723083163
17,ushuaia,-54.8,-68.3,-0.33,87,100,2.76,AR,1723083164
18,sivas,39.7916,37.0019,10.35,100,0,0.0,TR,1723083086
19,edinburgh of the seven seas,-37.0676,-12.3116,9.11,54,100,11.51,SH,1723083166
20,ad dabbah,18.05,30.95,30.76,58,98,4.88,SD,1723083168
21,port-aux-francais,-49.35,70.2167,0.6,97,100,11.51,TF,1723083169
22,box elder,41.5005,-112.8764,34.59,41,22,3.21,US,1723083170
23,watampone,-4.5386,120.3279,27.09,80,32,4.48,ID,1723083171
24,praya,14.9215,-23.5087,25.3,83,75,7.72,CV,1723083027
25,jamestown,42.097,-79.2353,19.8,88,100,3.6,US,1723082967
26,ilulissat,69.2167,-51.1,4.01,100,100,0.0,GL,1723083174
27,blackmans bay,-43.0167,147.3167,13.18,66,100,0.89,AU,1723083176
28,ribeira grande,38.5167,-28.7,23.21,80,0,3.13,PT,1723083177
29,la'ie,21.6477,-157.9253,30.98,71,2,3.13,US,1723083178
30,grytviken,-54.2811,-36.5092,-9.81,73,24,5.09,GS,1723083179
31,saynshand,44.8824,110.1163,29.73,27,88,3.3,MN,1723083180
32,carnarvon,-24.8667,113.6333,19.57,61,5,4.9,AU,1723083181
33,vuokatti,64.146,28.2697,5.92,89,6,1.41,FI,1723083182
34,qaqortoq,60.7167,-46.0333,7.21,92,100,2.5,GL,1723083184
35,isafjordur,66.0755,-23.124,6.53,88,100,0.97,IS,1723083185
36,bitkine,11.9801,18.2138,23.56,89,100,2.31,TD,1723083186
37,chernushka,56.5072,56.0766,15.08,97,98,5.08,RU,1723083187
38,beyneu,45.3167,55.2,29.2,37,65,5.43,KZ,1723083189
39,broken hill,-31.95,141.4333,15.67,44,100,8.18,AU,1723083191
40,port elizabeth,-33.918,25.5701,14.62,95,20,5.14,ZA,1723083192
41,ta`u,-14.2336,-169.5144,25.13,76,75,9.47,AS,1723083193
42,carauari,-4.8828,-66.8958,26.28,51,20,1.12,BR,1723083194
43,kotel'nikovo,47.6317,43.1461,22.16,62,89,3.23,RU,1723083195
44,sonamukhi,23.3,87.4167,28.15,78,78,3.35,IN,1723083196
45,taltal,-25.4,-70.4833,14.86,61,1,2.31,CL,1723083020
46,manismata,-2.4667,111.0333,28.04,73,62,2.39,ID,1723083199
47,belyy yar,53.6039,91.3903,17.94,88,40,2.0,RU,1723083200
48,margaret river,-33.95,115.0667,15.34,58,100,6.67,AU,1723083201
49,san antonio de pale,-1.4014,5.6325,22.7,82,100,5.47,GQ,1723083202
50,tiksi,71.6872,128.8694,8.52,82,99,0.88,RU,1723083205
51,haiku-pauwela,20.9219,-156.3051,28.47,67,20,11.83,US,1723083207
52,port mathurin,-19.6833,63.4167,22.29,74,17,5.3,MU,1723083208
53,avarua,-21.2078,-159.775,24.03,64,40,5.14,CK,1723083209
54,ciudad bolivar,8.1222,-63.5497,26.02,84,97,2.67,VE,1723083210
55,lompoc,34.6391,-120.4579,22.69,72,0,5.66,US,1723083044
56,vilyuchinsk,52.9306,158.4028,27.15,79,30,5.35,RU,1723083212
57,puerto ayora,-0.7393,-90.3518,19.19,97,90,2.68,EC,1723083214
58,vila franca do campo,37.7167,-25.4333,23.23,88,44,2.9,PT,1723083215
59,deniliquin,-35.5333,144.9667,14.59,55,100,5.19,AU,1723083216
60,puerto natales,-51.7236,-72.4875,0.25,80,75,1.03,CL,1723083217
61,adamstown,-25.066,-130.1015,19.42,66,90,2.84,PN,1723083133
62,sumbe,-11.2061,13.8437,19.57,90,14,2.96,AO,1723083221
63,olonkinbyen,70.9221,-8.7187,5.48,100,100,4.24,SJ,1723083022
64,hermanus,-34.4187,19.2345,11.37,86,0,2.68,ZA,1723083224
65,maluso,6.543,121.8753,30.05,73,100,3.31,PH,1723083225
66,atafu village,-8.5421,-172.5159,28.29,70,0,9.14,TK,1723083226
67,oleksandrivka,48.9634,32.2349,16.82,64,0,2.03,UA,1723083228
68,bilibino,68.0546,166.4372,14.31,39,6,4.46,RU,1723083229
69,cockburn town,21.4612,-71.1419,27.96,86,100,7.65,TC,1723083096
70,shumikha,55.2261,63.2961,14.55,92,100,4.64,RU,1723083231
71,usinsk,65.9939,57.5281,11.47,63,7,3.91,RU,1723083232
72,sandnessjoen,66.0217,12.6316,17.29,76,93,8.97,NO,1723083233
73,barra de santo antonio,-9.4047,-35.5072,19.6,75,13,3.35,BR,1723083235
74,ebon,4.582,168.6964,27.2,75,100,1.19,MH,1723083236
75,majene,-3.5403,118.9707,27.76,72,25,3.77,ID,1723083237
76,ad dujayl,33.8467,44.2344,32.86,25,0,4.32,IQ,1723083238
77,chamical,-30.36,-66.314,9.29,34,100,8.39,AR,1723083239
78,santa elena,-2.2333,-80.85,21.75,100,75,7.2,EC,1723083010
79,college,64.8569,-147.8028,26.99,46,75,1.54,US,1723083242
80,talavera,15.6167,120.9333,28.98,77,100,2.01,PH,1723083243
81,wailua homesteads,22.0669,-159.378,28.44,71,20,6.69,US,1723083244
82,klyuchi,52.2667,79.1667,21.75,73,98,2.37,RU,1723083245
83,geraldton,-28.7667,114.6,15.23,88,100,2.06,AU,1723083246
84,exu,-7.5119,-39.7242,18.64,65,2,0.9,BR,1723083247
85,luena,-11.7833,19.9167,13.62,26,31,1.96,AO,1723083250
86,hamilton,39.1834,-84.5333,25.0,78,0,3.6,US,1723082994
87,invercargill,-46.4,168.35,8.9,87,70,1.79,NZ,1723082996
88,hithadhoo,-0.6,73.0833,28.08,72,100,1.95,MV,1723083253
89,sitka,57.0531,-135.33,16.94,82,20,1.54,US,1723083254
90,albany,42.6001,-73.9662,18.78,76,2,1.87,US,1723083158
91,arar,30.9753,41.0381,28.01,10,0,2.57,SA,1723083258
92,georgetown,5.4112,100.3354,28.96,70,20,2.57,MY,1723082943
93,susuman,62.7833,148.1667,10.55,85,100,1.14,RU,1723083260
94,indramayu,-6.3264,108.32,28.69,61,3,2.94,ID,1723083261
95,bodo,67.28,14.405,20.53,65,75,6.17,NO,1723083262
96,bakchar,57.0186,82.0711,13.86,98,100,2.97,RU,1723083263
97,egilsstadir,65.2653,-14.3948,6.95,93,100,2.57,IS,1723083264
98,greymouth,-42.4667,171.2,9.95,86,100,4.85,NZ,1723083266
99,nemuro,43.3236,145.575,17.44,100,100,0.53,JP,1723083267
100,remire-montjoly,4.9167,-52.2667,27.02,89,20,1.03,GF,1723083268
101,mirik,26.8945,88.1848,19.45,93,100,1.49,IN,1723083269
102,tsumeb,-19.2333,17.7167,18.39,17,0,1.64,NA,1723083270
103,quepos,9.4236,-84.1652,24.0,93,100,2.0,CR,1723083271
104,calliope,-24.0,151.2,24.27,53,75,6.69,AU,1723083272
105,gadzhiyevo,69.2551,33.3362,12.6,62,42,4.16,RU,1723083274
106,fale old settlement,-9.3852,-171.2468,27.73,73,91,8.51,TK,1723083275
107,ulsteinvik,62.3432,5.8487,17.5,68,100,0.89,NO,1723083276
108,howard springs,-12.497,131.047,30.55,44,100,5.07,AU,1723083277
109,aasiaat,68.7098,-52.8699,3.85,93,98,4.03,GL,1723083278
110,morondava,-20.2833,44.2833,19.75,70,0,2.23,MG,1723083086
111,tirlyanskiy,54.2109,58.5806,13.93,99,100,1.88,RU,1723083280
112,thulamahashi,-24.7246,31.1994,15.28,60,0,1.9,ZA,1723083282
113,kodiak,57.79,-152.4072,15.73,77,40,2.06,US,1723083283
114,letlhakeng,-24.0944,25.0298,12.8,50,0,3.85,BW,1723083284
115,tura,25.5198,90.2201,26.12,87,73,2.77,IN,1723083285
116,utrik,11.2278,169.8474,28.13,78,23,5.53,MH,1723083286
117,papatowai,-46.5619,169.4708,8.58,81,72,5.13,NZ,1723083287
118,caburan,5.9181,125.6411,27.21,73,46,1.9,PH,1723083288
119,malango,-2.9627,119.9001,25.8,61,33,1.67,ID,1723083289
120,kapa'a,22.0752,-159.319,29.18,69,20,6.69,US,1723083256
121,korla,41.7597,86.1469,22.59,46,3,5.66,CN,1723083292
122,kristiansund,63.1115,7.732,14.36,93,75,4.12,NO,1723083293
123,imperial,33.0334,-115.4175,38.12,25,24,4.91,US,1723083294
124,kenai,60.5544,-151.2583,15.05,100,100,3.09,US,1723083295
125,kruisfontein,-34.0033,24.7314,9.38,83,0,2.92,ZA,1723083297
126,tempio pausania,40.8974,9.1035,22.51,67,0,1.45,IT,1723083298
127,antsiranana,-12.2787,49.2917,21.33,64,6,6.92,MG,1723083299
128,katsuura,35.1333,140.3,28.69,77,10,2.79,JP,1723083300
129,west island,-12.1568,96.8225,26.99,74,40,7.72,CC,1723083301
130,port lincoln,-34.7333,135.8667,15.58,79,94,8.56,AU,1723083302
131,ressano garcia,-25.442,31.9913,15.71,68,0,2.1,MZ,1723083303
132,marica,-22.9194,-42.8186,26.97,59,0,2.01,BR,1723083305
133,kharan,28.5833,65.4167,31.27,44,100,3.27,PK,1723083306
134,jining,35.405,116.5814,27.47,86,96,2.53,CN,1723083307
135,tabuk,17.4189,121.4443,30.71,67,93,1.33,PH,1723083308
136,beyla,8.6833,-8.6333,20.71,99,100,1.09,GN,1723083310
137,hawaiian paradise park,19.5933,-154.9731,27.73,75,100,5.14,US,1723083311
138,qingdao,36.0986,120.3719,25.57,88,100,3.11,CN,1723083312
139,cabo san lucas,22.8909,-109.9124,31.45,73,0,8.23,MX,1723083240
140,north bend,43.4065,-124.2243,19.59,87,100,5.53,US,1723083314
141,terrace,54.5163,-128.6035,31.95,25,0,4.12,CA,1723083316
142,new plymouth,-39.0667,174.0833,7.4,100,99,6.52,NZ,1723083318
143,thompson,55.7435,-97.8558,15.09,63,75,2.57,CA,1723083319
144,norwich,52.6278,1.2983,16.1,80,54,3.6,GB,1723083031
145,sikonge,-5.6333,32.7667,17.65,40,56,2.48,TZ,1723083321
146,flin flon,54.7682,-101.865,15.41,45,100,3.93,CA,1723083312
147,dondo,-19.6094,34.7431,18.73,95,0,1.24,MZ,1723083323
148,at taj,24.2049,23.2857,28.57,19,3,4.79,LY,1723083324
149,fort bragg,35.139,-79.006,25.08,94,20,7.72,US,1723083326
150,karasuk,53.7377,78.0403,19.47,83,59,2.56,RU,1723083327
151,bengkulu,-3.8004,102.2655,27.01,68,41,1.3,ID,1723083328
152,ormara,25.2088,64.6357,27.77,82,99,2.93,PK,1723083329
153,boryeong,36.3493,126.5977,27.98,78,100,2.28,KR,1723083330
154,keflavik,64.0049,-22.5624,8.26,100,0,3.6,IS,1723083331
155,necochea,-38.5473,-58.7368,6.68,93,100,11.16,AR,1723083332
156,giyani,-23.3025,30.7187,15.05,65,0,1.83,ZA,1723083333
157,hasaki,35.7333,140.8333,32.94,79,41,2.84,JP,1723083335
158,amasra,41.7463,32.3863,19.55,84,0,2.48,TR,1723083336
159,badger,64.8,-147.5333,26.93,45,75,1.54,US,1723083337
160,touros,-5.1989,-35.4608,23.12,85,5,4.59,BR,1723083338
161,kingscliff,-28.2667,153.5667,19.41,63,100,5.14,AU,1723083339
162,uturoa,-16.7333,-151.4333,26.03,82,29,4.77,PF,1723083340
163,pacific grove,36.6177,-121.9166,22.03,92,75,3.09,US,1723083341
164,noumea,-22.2763,166.4572,21.67,99,100,4.02,NC,1723083343
165,prince rupert,54.3161,-130.3201,13.83,100,100,4.63,CA,1723083344
166,holualoa,19.6228,-155.9522,27.91,77,40,4.63,US,1723083345
167,punta arenas,-53.15,-70.9167,2.06,80,100,4.63,CL,1723083253
168,fisterra,42.9049,-9.2629,18.9,81,10,8.62,ES,1723083347
169,lae,-6.7221,146.9847,24.3,89,85,1.92,PG,1723083348
170,brisas de zicatela,15.8369,-97.0419,28.37,80,100,4.53,MX,1723083349
171,zhangye,38.9342,100.4517,26.31,27,100,12.48,CN,1723083351
172,saint croix,17.7397,-64.7388,27.25,82,0,2.57,VI,1723083352
173,talnakh,69.4865,88.3972,14.88,55,2,3.03,RU,1723083353
174,whitehorse,60.7161,-135.0538,27.79,30,0,5.66,CA,1723083354
175,iskateley,67.6803,53.1512,7.73,78,0,2.03,RU,1723083355
176,rancharia,-22.2292,-50.8931,21.14,38,2,3.0,BR,1723083356
177,boda,4.3189,17.4695,21.24,88,100,1.32,CF,1723083358
178,isangel,-19.55,169.2667,26.06,57,75,4.12,VU,1723083360
179,hammerfest,70.6634,23.6821,19.25,48,6,2.57,NO,1723083361
180,ataq,14.5377,46.8319,26.43,52,85,3.66,YE,1723083362
181,petropavlovsk-kamchatsky,53.0452,158.6483,26.33,47,75,6.0,RU,1723083363
182,ust-nera,64.5667,143.2,13.9,77,99,0.81,RU,1723083364
183,rio bueno,-40.3167,-72.9667,0.62,99,11,0.19,CL,1723083365
184,anadyr,64.75,177.4833,10.28,71,40,5.0,RU,1723083367
185,hadibu,12.65,54.0333,25.6,86,63,8.55,YE,1723083368
186,bredasdorp,-34.5322,20.0403,8.31,95,1,1.86,ZA,1723083369
187,la jolla,32.8473,-117.2742,27.65,75,0,2.57,US,1723083370
188,vadso,70.0744,29.7487,12.49,71,55,2.06,NO,1723083371
189,porto novo,6.4965,2.6036,24.9,84,100,3.75,BJ,1723083372
190,acapulco de juarez,16.8634,-99.8901,29.9,74,75,5.66,MX,1723083373
191,gamboru,12.3707,14.2173,24.22,87,100,5.31,NG,1723083374
192,andovoranto,-18.95,49.1,19.76,87,87,1.22,MG,1723083376
193,port douglas,-16.4833,145.4667,23.28,73,35,4.63,AU,1723083377
194,arno,60.1167,18.6333,18.21,92,99,3.33,SE,1723083268
195,hood river,45.7054,-121.5215,33.31,44,6,1.34,US,1723083380
196,mulayjah,27.271,48.4242,33.65,13,32,4.64,SA,1723083381
197,richmond,37.5538,-77.4603,25.71,92,100,3.09,US,1723082962
198,vengerovo,55.6848,76.7471,15.26,92,94,4.13,RU,1723083384
199,vrangel',42.7297,133.0839,23.98,82,100,2.74,RU,1723083385
200,moa,20.6569,-74.9403,25.04,82,100,2.5,CU,1723083386
201,wewak,-3.5534,143.6268,29.15,72,66,3.18,PG,1723083387
202,hermosillo,29.0667,-110.9667,35.38,44,96,2.24,MX,1723083127
203,khandyga,62.6667,135.6,18.38,58,6,0.96,RU,1723083332
204,afaahiti,-17.75,-149.2833,26.93,82,10,7.51,PF,1723083146
205,iqaluit,63.7506,-68.5145,7.85,76,20,1.54,CA,1723083392
206,namibe,-15.1961,12.1522,15.05,87,7,2.47,AO,1723083393
207,lihue,21.9789,-159.3672,28.77,63,20,6.69,US,1723083394
208,colonia,50.9333,6.95,18.23,86,0,1.03,DE,1723083395
209,erenhot,43.6475,111.9767,30.18,33,49,5.86,CN,1723083371
210,alotau,-10.3069,150.4462,28.5,67,72,2.95,PG,1723083397
211,tofol,5.3248,163.0078,28.9,71,36,4.17,FM,1723083399
212,nieuw amsterdam,5.8833,-55.0833,26.09,87,100,2.74,SR,1723083400
213,saint-philippe,-21.3585,55.7679,18.77,82,16,2.36,RE,1723083401
214,malanje,-9.5402,16.341,17.27,71,100,1.55,AO,1723083402
215,arkhangel'sk,64.5401,40.5433,10.06,100,0,2.0,RU,1723083403
216,christchurch,-43.5333,172.6333,9.97,87,100,6.17,NZ,1723082891
217,krasnyy chikoy,50.3643,108.7512,19.38,75,98,0.43,RU,1723083133
218,llanes,43.4198,-4.7549,19.52,90,95,2.89,ES,1723083407
219,northam,51.0333,-4.2167,15.92,93,13,5.03,GB,1723083408
220,novyy urengoy,66.0833,76.6333,10.19,71,100,5.92,RU,1723083409
221,san patricio,28.017,-97.5169,30.94,58,0,5.86,US,1723083410
222,hami,42.8,93.45,18.16,83,100,1.97,CN,1723083411
223,kavaratti,10.5669,72.642,27.22,83,100,5.81,IN,1723083412
224,neryungri,56.6709,124.6491,20.91,53,16,3.53,RU,1723083414
225,waspan,14.7419,-83.9717,24.67,95,98,1.63,NI,1723083138
226,bereket,39.2446,55.5154,28.39,59,62,5.0,TM,1723083416
227,rundu,-17.9333,19.7667,14.75,18,0,1.67,NA,1723083417
228,portland,45.5234,-122.6762,30.75,48,75,5.14,US,1723083074
229,pocahontas,36.2615,-90.9712,22.25,84,0,2.57,US,1723083419
230,colac,-38.3333,143.5833,13.43,61,100,6.49,AU,1723083420
231,badiyah,22.45,58.8,27.19,69,22,0.96,OM,1723083422
232,zlatoust,55.1711,59.6508,13.32,97,99,1.79,RU,1723083423
233,flying fish cove,-10.4217,105.6791,26.82,78,40,6.69,CX,1723083424
234,likiep,9.8251,169.3107,28.07,75,19,3.67,MH,1723083425
235,kingston,17.997,-76.7936,29.53,74,20,4.12,JM,1723083426
236,nova vicosa,-17.8919,-39.3719,21.61,73,1,3.32,BR,1723083427
237,ippy,6.2679,21.2247,19.37,97,96,0.38,CF,1723083428
238,tuam,53.5167,-8.85,13.46,94,100,2.06,IE,1723083429
239,bikenibeu village,1.3673,173.1241,30.98,66,75,2.06,KI,1723083431
240,amga,60.8953,131.9608,19.16,46,1,1.87,RU,1723083432
241,langsa,4.4683,97.9683,24.72,92,100,2.92,ID,1723083433
242,arawa,-6.2132,155.5367,29.4,76,71,2.36,PG,1723083434
243,east london,-33.0153,27.9116,18.53,31,0,1.49,ZA,1723083435
244,micheweni,-4.9667,39.8333,23.92,82,16,4.92,TZ,1723083436
245,caleta de carquin,-11.0925,-77.6267,16.62,87,36,4.0,PE,1723083434
246,swakopmund,-22.6833,14.5333,11.66,87,7,2.9,NA,1723083439
247,nar'yan-mar,67.6713,53.087,7.73,78,0,2.04,RU,1723083440
248,sinabang,2.4803,96.3801,27.56,77,100,1.38,ID,1723083441
249,leninskoye,41.7589,69.3864,28.51,21,0,0.86,KZ,1723083442
250,el salto,20.3333,-104.5,19.18,93,71,1.7,MX,1723083443
251,enewetak,11.3474,162.3373,28.83,75,93,4.78,MH,1723083444
252,bac lieu,9.285,105.7244,29.25,74,77,4.55,VN,1723083445
253,kendari,-3.945,122.4989,28.0,71,24,2.71,ID,1723083447
254,colares,38.7992,-9.4469,19.95,80,0,10.38,PT,1723083448
255,bolszewo,54.618,18.1759,18.76,83,100,2.35,PL,1723083449
256,anta,25.15,76.3,25.93,89,100,1.86,IN,1723083450
257,bilopillya,51.1502,34.3129,14.18,89,35,2.99,UA,1723083452
258,buckeye,33.3703,-112.5838,38.43,30,0,3.6,US,1723083454
259,lionel town,17.8101,-77.2406,29.94,89,100,2.88,JM,1723083455
260,arraial do cabo,-22.9661,-42.0278,22.52,82,0,11.49,BR,1723083457
261,oyon,-10.6681,-76.7731,1.85,60,6,1.19,PE,1723083458
262,devils lake,48.1128,-98.8651,16.08,61,0,6.69,US,1723083459
263,vorkuta,67.5,64.0,9.77,66,46,1.84,RU,1723083460
264,lorengau,-2.0226,147.2712,29.0,74,27,3.93,PG,1723083462
265,vyerkhnyadzvinsk,55.7815,27.9443,12.77,92,3,2.11,BY,1723083463
266,constantia,44.1833,28.65,17.61,75,1,1.34,RO,1723083464
267,leninsk,48.7119,45.1994,21.49,54,98,1.92,RU,1723083465
268,vorgashor,67.5833,63.95,9.58,65,37,1.94,RU,1723083454
269,le vauclin,14.5452,-60.8388,27.03,83,75,2.06,MQ,1723083467
270,mountain home,43.133,-115.6912,30.57,11,100,0.89,US,1723083185
271,luanco,43.6152,-5.7934,21.22,84,100,3.13,ES,1723083470
272,tual,-5.6667,132.75,25.11,85,69,9.41,ID,1723083471
273,cooma,-36.2333,149.1333,13.8,36,7,2.97,AU,1723083472
274,santa cruz del norte,23.1539,-81.9236,27.96,79,10,3.31,CU,1723083473
275,nyanza,-2.3519,29.7509,15.04,48,41,1.4,RW,1723083314
276,pisco,-13.7,-76.2167,17.03,77,100,0.51,PE,1723083475
277,yangambi,0.8102,24.4336,21.8,90,12,0.78,CD,1723083477
278,nuku'alofa,-21.1333,-175.2,24.19,64,40,7.2,TO,1723083478
279,fort-de-france,14.6089,-61.0733,26.97,83,75,2.06,MQ,1723083479
280,saint-pierre,-21.3393,55.4781,18.82,63,0,3.09,RE,1723083480
281,kimbe,-5.5502,150.1429,32.23,57,91,2.04,PG,1723083481
282,vila do maio,15.1333,-23.2167,25.44,79,21,4.26,CV,1723083482
283,vanimo,-2.6741,141.3028,29.55,70,36,3.78,PG,1723083483
284,kurchatov,51.6601,35.6521,15.23,95,99,2.57,RU,1723083485
285,taoudenni,22.6783,-3.9836,39.01,9,0,8.9,ML,1723083486
286,tahe,52.3333,124.7333,16.65,98,100,1.53,CN,1723083487
287,klaksvik,62.2266,-6.589,9.51,91,92,2.11,FO,1723083488
288,kertih,4.5141,103.4483,28.01,78,20,1.54,MY,1723083489
289,bundaberg,-24.85,152.35,24.01,67,9,2.24,AU,1723083490
290,visby,57.6409,18.296,15.46,100,99,2.06,SE,1723083380
291,tsiombe,-25.3,45.4833,19.06,89,3,4.32,MG,1723083431
292,selfoss,63.9331,-20.9971,9.47,94,1,1.36,IS,1723083494
293,dubbo,-32.25,148.6167,17.07,63,75,6.17,AU,1723083495
294,taulaga,-11.0553,-171.0883,27.33,74,89,9.25,AS,1723083496
295,codrington,-38.2667,141.9667,13.59,63,100,8.94,AU,1723083485
296,lubang,13.8584,120.124,28.95,78,8,7.56,PH,1723083498
297,tsarevo,42.1667,27.85,17.2,87,0,2.25,BG,1723083500
298,askoy,60.4092,5.226,15.16,100,75,9.26,NO,1723083501
299,sao jose da coroa grande,-8.8978,-35.1478,25.18,67,94,3.63,BR,1723083452
300,ola,59.5833,151.2833,14.12,78,46,2.97,RU,1723083503
301,mana,5.6592,-53.7767,25.73,89,90,3.59,GF,1723083505
302,port alfred,-33.5906,26.891,15.41,64,0,4.46,ZA,1723083447
303,bazarak,35.3129,69.5152,17.2,30,1,3.71,AF,1723083509
304,zhuji,29.7188,120.2423,33.91,55,24,2.56,CN,1723083510
305,la passe,45.5549,-0.8967,17.13,83,86,3.59,FR,1723083511
306,malpica,43.3228,-8.8105,18.54,78,92,6.24,ES,1723083512
307,floro,61.5996,5.0328,15.04,88,100,8.75,NO,1723083513
308,st. john's,47.5649,-52.7093,17.1,90,90,2.68,CA,1723083251
309,sangueya,10.7,-14.3667,23.53,95,100,1.68,GN,1723083515
310,yelizovo,53.1873,158.3805,27.08,47,75,6.0,RU,1723083517
311,ceerigaabo,10.6162,47.368,17.92,67,2,6.0,SO,1723083518
312,puerto colombia,10.9878,-74.9547,25.05,77,77,1.4,CO,1723083519
313,svetlyy,54.675,20.1347,13.03,92,73,2.76,RU,1723083520
314,saldanha,-33.0117,17.9442,13.12,87,100,4.32,ZA,1723083521
315,vikulovo,56.8167,70.6107,11.8,70,68,3.49,RU,1723083522
316,peniche,39.3558,-9.3811,19.6,91,3,8.26,PT,1723083524
317,viedma,-40.8135,-62.9967,4.2,74,76,4.5,AR,1723083322
318,rikaze,29.25,88.8833,14.47,53,100,1.71,CN,1723083526
319,klodawa,52.2545,18.9135,17.73,74,100,2.98,PL,1723083527
320,konarka,19.9,86.1167,26.76,75,100,3.11,IN,1723083529
321,happy valley-goose bay,53.3168,-60.3315,12.17,94,75,2.57,CA,1723083516
322,sao francisco do sul,-26.2433,-48.6381,18.87,94,75,1.03,BR,1723083532
323,cam pha mines,21.0167,107.3,29.82,77,19,4.36,VN,1723083533
324,aldinga beach,-35.2793,138.4604,14.59,84,100,8.63,AU,1723083534
325,sarmiento,-45.5882,-69.07,4.05,73,4,3.86,AR,1723083365
326,santo antonio,-6.3106,-35.4789,22.98,69,87,4.48,BR,1723083536
327,weno,7.4515,151.8468,32.97,62,75,5.14,FM,1723083480
328,naze,28.3667,129.4833,29.51,64,58,1.69,JP,1723083538
329,olinda,-8.0089,-34.8553,25.85,65,20,3.6,BR,1723083540
330,nechi,8.0942,-74.7757,23.98,93,79,0.56,CO,1723083541
331,ialibu,-6.2821,143.9935,19.71,79,80,1.84,PG,1723083542
332,mar del plata,-38.0023,-57.5575,8.26,94,100,11.18,AR,1723083313
333,namie,37.4833,141.0,30.3,82,84,1.64,JP,1723083544
334,yemetsk,63.4721,41.7941,10.79,73,6,2.05,RU,1723083545
335,zaragoza,41.6561,-0.8773,25.01,61,0,6.17,ES,1723083547
336,itacoatiara,-3.1431,-58.4442,26.12,50,6,1.08,BR,1723083548
337,gisborne,-38.6533,178.0042,13.66,65,99,2.86,NZ,1723083549
338,warman,52.3168,-106.5679,14.95,51,20,3.6,CA,1723083550
339,anda,46.4,125.3167,27.87,53,43,2.26,CN,1723083551
340,tolanaro,-25.0319,46.9987,20.04,94,75,5.14,MG,1723083552
341,kosh-agach,50.0,88.6667,15.42,51,5,0.84,RU,1723083488
342,segre,47.6833,-0.8667,14.4,87,78,1.68,FR,1723083555
343,puerto baquerizo moreno,-0.9,-89.6,19.77,79,96,6.01,EC,1723083431
344,oranjemund,-28.55,16.4333,10.57,87,0,2.73,NA,1723083557
345,francisco i. madero,29.7059,-107.8043,17.64,78,100,1.79,MX,1723083558
346,tabou,4.423,-7.3528,23.47,79,100,4.12,CI,1723083559
347,nokha,27.6,73.4167,27.14,76,41,7.04,IN,1723083560
348,mata-utu,-13.2816,-176.1745,25.57,72,100,9.68,WF,1723083562
349,launceston,-41.45,147.1667,13.22,71,100,7.72,AU,1723083563
350,san juan,-31.5375,-68.5364,8.21,36,94,3.14,AR,1723083113
351,polyarnyy,69.1989,33.4478,12.32,62,31,4.5,RU,1723083565
352,fort stockton,30.894,-102.8793,35.03,21,0,3.6,US,1723083566
353,namtsy,62.7161,129.6658,19.91,44,8,1.69,RU,1723083567
354,kovernino,57.1253,43.8142,12.65,99,62,2.17,RU,1723083569
355,rouyn-noranda,48.2398,-79.0288,17.05,67,75,1.54,CA,1723083475
356,nevada,39.2502,-116.7512,26.68,17,100,8.67,US,1723083534
357,richards bay,-28.783,32.0377,17.32,80,55,5.78,ZA,1723083572
358,saint-tropez,43.2693,6.6398,23.9,67,96,1.97,FR,1723083574
359,gebeit,21.0667,36.3167,26.19,67,17,3.01,SD,1723083576
360,shawano,44.7822,-88.609,20.22,80,100,2.26,US,1723083577
361,qaisumah,28.3112,46.1273,30.98,13,0,2.06,SA,1723083578
362,dudinka,69.4058,86.1778,12.68,52,9,9.84,RU,1723083561
363,narasannapeta,18.4167,84.05,27.39,77,100,2.11,IN,1723083580
364,sao vicente,-23.9631,-46.3919,28.1,45,0,3.01,BR,1723083436
365,kalabo,-14.97,22.6814,14.9,24,1,2.93,ZM,1723083583
366,pervomayskiy,53.2485,40.2871,15.51,95,99,1.36,RU,1723083584
367,marquette,46.5333,-87.6335,18.76,73,100,3.0,US,1723083585
368,fortaleza,-3.7227,-38.5247,26.79,83,75,6.17,BR,1723083365
369,noshiro,40.2039,140.0242,26.46,70,22,3.3,JP,1723083587
370,minas de marcona,-15.2119,-75.1103,9.66,90,86,6.46,PE,1723083588
371,ocean shores,46.9737,-124.1563,17.75,92,0,5.14,US,1723083589
372,nogliki,51.8333,143.1667,13.1,99,100,4.56,RU,1723083591
373,savelugu,9.6244,-0.8253,23.69,90,100,1.91,GH,1723083592
374,rasony,55.9089,28.8126,12.07,96,12,2.07,BY,1723083593
375,kaohsiung,22.6163,120.3133,33.05,66,40,2.57,TW,1723083594
376,barcs,45.96,17.4586,18.5,51,76,0.69,HU,1723083595
377,bardai,11.65,7.2333,21.0,97,100,3.34,NG,1723083596
378,prado,-17.3411,-39.2208,21.92,70,0,2.88,BR,1723083319
379,kirakira,-10.4544,161.9205,27.8,73,100,6.29,SB,1723083599
380,choma,-16.8065,26.9531,13.92,47,0,2.65,ZM,1723083552
381,mokwa,9.2833,5.05,22.97,94,99,2.19,NG,1723083601
382,lebu,-37.6167,-73.65,6.72,89,9,4.08,CL,1723083247
383,ayorou,14.7308,0.9174,28.21,64,100,4.65,NE,1723083605
384,saint johnsbury,44.4192,-72.0151,16.51,94,1,1.83,US,1723083606
385,nova sintra,14.8667,-24.7167,25.01,84,36,8.14,CV,1723083607
386,twon-brass,4.3151,6.2418,25.12,82,100,6.21,NG,1723083608
387,tongliao,43.6125,122.2653,29.43,41,0,3.37,CN,1723083609
388,n'zeto,-7.2312,12.8666,20.17,86,90,3.52,AO,1723083611
389,qobustan,40.0824,49.412,27.54,57,4,5.59,AZ,1723083613
390,atamyrat,37.8357,65.2106,29.4,19,0,2.86,TM,1723083614
391,plastun,44.7561,136.2939,27.98,60,46,1.25,RU,1723083615
392,hohhot,40.8106,111.6522,28.16,44,0,2.0,CN,1723083423
393,tamanrasset,22.785,5.5228,24.95,14,0,2.06,DZ,1723083617
394,cooper's town,26.8667,-77.5167,28.97,78,4,7.26,BS,1723083619
395,kiruna,67.8557,20.2251,10.51,87,0,1.54,SE,1723083620
396,copiapo,-27.3667,-70.3333,9.68,77,0,0.31,CL,1723083507
397,bilozerka,46.6248,32.4425,21.37,55,50,1.3,UA,1723083622
398,kingori,-3.2833,36.9833,17.09,94,100,2.53,TZ,1723083623
399,socorro,31.6546,-106.3033,34.92,23,75,3.09,US,1723083624
400,palafrugell,41.9174,3.1631,24.08,46,39,1.45,ES,1723083626
401,labrador city,52.9463,-66.9114,8.99,85,75,5.36,CA,1723083628
402,kahla,50.8,11.5833,20.41,98,25,1.22,DE,1723083630
403,sao gabriel da cachoeira,-0.1303,-67.0892,25.2,79,61,0.79,BR,1723083631
404,khawr fakkan,25.3313,56.342,30.03,83,96,3.93,AE,1723083632
405,paris,48.8534,2.3488,18.41,71,0,1.54,FR,1723083531
406,masterton,-40.9597,175.6575,11.17,88,100,4.77,NZ,1723083635
407,hadsund,56.7148,10.1168,14.95,91,17,2.71,DK,1723083636
408,trubchevsk,52.5798,33.7644,13.35,96,91,1.5,RU,1723083638
409,belmonte,-15.8631,-38.8828,21.49,75,28,1.94,BR,1723083639
410,butembo,0.15,29.2833,14.4,86,63,1.31,CD,1723083640
411,bay roberts,47.5999,-53.2648,17.3,81,53,4.6,CA,1723083641
412,gamboma,-1.8764,15.8644,25.08,49,86,2.04,CG,1723083642
413,al ghayzah,16.2079,52.176,24.68,89,67,0.62,YE,1723083643
414,mejit,10.2753,170.8646,27.56,78,96,3.75,MH,1723083645
415,port augusta,-32.5,137.7667,17.59,43,94,10.6,AU,1723083646
416,cabugao,17.7931,120.4578,31.92,80,100,6.3,PH,1723083647
417,makassar,-5.14,119.4221,30.03,45,20,1.54,ID,1723083201
418,usogorsk,63.4106,48.6872,10.32,67,8,1.8,RU,1723083625
419,nuuk,64.1835,-51.7216,4.34,100,100,2.57,GL,1723083107
420,luderitz,-26.6481,15.1594,10.1,83,0,2.53,NA,1723083403
421,wenshui,28.4506,106.5267,26.01,70,28,4.9,CN,1723083654
422,tarnogskiy gorodok,60.4997,43.5761,12.03,93,100,1.53,RU,1723083554
423,midvagur,62.0511,-7.1939,9.46,93,75,1.54,FO,1723083656
424,new norfolk,-42.7826,147.0587,13.84,57,100,3.98,AU,1723083127
425,margate,51.3813,1.3862,15.17,84,58,4.91,GB,1723083368
426,aginskoye,51.1,114.53,19.11,60,100,1.01,RU,1723083660
427,aldan,58.6031,125.3894,19.68,59,0,2.69,RU,1723083661
428,champerico,14.3,-91.9167,28.89,78,100,1.69,GT,1723083663
429,ancud,-41.8697,-73.8203,4.66,89,4,1.91,CL,1723083568
430,vetluzhskiy,58.3902,45.4654,13.89,94,100,1.82,RU,1723083666
431,saudarkrokur,65.7461,-19.6394,7.35,93,100,1.29,IS,1723083667
432,babayevo,59.3936,35.9371,12.24,94,81,2.42,RU,1723083668
433,borkum,53.5809,6.6915,17.97,75,100,6.94,DE,1723083670
434,camarinas,43.1311,-9.1817,18.99,82,44,8.67,ES,1723083671
435,brive-la-gaillarde,45.25,1.5,16.58,35,55,0.93,FR,1723083673
436,sidareja,-7.4846,108.7923,24.8,89,100,2.05,ID,1723083674
437,jwaneng,-24.6004,24.7303,12.96,46,2,5.78,BW,1723083675
438,mahina,-17.5065,-149.489,27.87,74,75,5.66,PF,1723083559
439,bloomington,44.8408,-93.2983,21.27,78,100,2.06,US,1723083629
440,sao felix do xingu,-6.6447,-51.995,22.82,38,0,0.84,BR,1723083678
441,el jadid,33.2549,-8.506,21.34,91,27,3.25,MA,1723083680
442,usoke,-5.1667,32.35,17.3,41,71,2.24,TZ,1723083681
443,pawni,20.7833,79.6333,24.37,92,100,2.73,IN,1723083682
444,castanos,26.7833,-101.4167,33.28,30,97,3.46,MX,1723083683
445,eenhana,-17.4667,16.3333,16.04,20,0,2.25,NA,1723083684
446,tejen,37.3834,60.5054,29.08,18,0,1.82,TM,1723083685
447,narrabri,-30.3167,149.7833,20.29,60,5,0.45,AU,1723083686
448,hun,29.1268,15.9477,31.24,20,3,5.51,LY,1723083688
449,kailua-kona,19.6406,-155.9956,27.38,77,24,1.34,US,1723083689
450,birzebbuga,35.8258,14.5269,25.38,88,0,2.06,MT,1723083690
451,novo oriente,-5.5344,-40.7742,22.29,49,31,1.53,BR,1723083691
452,neftcala,39.3742,49.2472,26.78,67,1,1.99,AZ,1723083425
453,grand falls-windsor,48.9332,-55.6649,13.61,78,1,3.23,CA,1723083688
454,orting,47.0979,-122.2043,26.92,58,0,0.0,US,1723083696
455,south hedland,-20.4089,118.5983,27.96,20,7,5.14,AU,1723083699
456,kununurra,-15.7667,128.7333,30.99,27,3,6.17,AU,1723083490
457,cestos city,5.46,-9.5828,24.01,81,100,4.52,LR,1723083701
458,sao tome,0.3365,6.7273,23.75,83,80,3.75,ST,1723083702
459,petauke,-14.2426,31.3253,16.31,53,3,3.04,ZM,1723083552
460,hawera,-39.5917,174.2833,10.39,90,98,6.3,NZ,1723083705
461,prince george,53.9166,-122.753,26.69,36,0,1.54,CA,1723083706
462,el granada,37.5027,-122.4694,24.6,76,40,10.29,US,1723083703
463,nkowakowa,-23.8878,30.2871,14.25,66,0,1.89,ZA,1723083708
464,altamira,-3.2033,-52.2064,24.16,64,0,0.9,BR,1723083619
465,sinop,41.7711,34.8709,15.31,89,0,1.02,TR,1723083711
466,asubulaq,49.5583,83.0558,22.51,49,100,1.67,KZ,1723083713
467,bubaque,11.2833,-15.8333,26.13,85,100,7.49,GW,1723083326
468,camana,-16.6228,-72.7111,14.85,91,6,4.71,PE,1723083715
469,tafuna,-14.3358,-170.72,26.97,69,100,7.72,AS,1723083716
470,lalin,42.7167,-8.1167,15.03,99,32,1.3,ES,1723083717
471,ambon,-3.6954,128.1814,27.08,83,40,3.6,ID,1723083718
472,leua,48.2156,18.6071,19.72,55,87,1.41,SK,1723083720
473,dinguiraye,11.3,-10.7167,21.47,96,92,1.05,GN,1723083721
474,mhamid,29.82,-5.72,34.99,11,1,3.17,MA,1723083722
475,glasgow,55.8652,-4.2576,14.01,84,100,3.09,GB,1723082893
476,hobyo,5.3505,48.5268,23.94,85,94,9.0,SO,1723083724
477,toliara,-23.35,43.6667,19.55,76,0,2.5,MG,1723083725
478,pokrovsk,48.282,37.1758,15.56,84,0,3.11,UA,1723083727
479,palu,-0.8917,119.8707,29.84,65,91,1.15,ID,1723083728
480,uacu cungo,-11.3634,15.1208,15.88,71,48,1.17,AO,1723083729
481,tralee,52.2704,-9.7026,14.41,95,94,2.19,IE,1723083730
482,wad az zaki,14.4619,32.2065,27.39,71,100,4.23,SD,1723083731
483,gimbi,9.1667,35.8333,12.0,97,98,1.21,ET,1723083733
484,an nuhud,12.7,28.4333,24.81,78,100,5.85,SD,1723083734
485,buncrana,55.1333,-7.45,8.95,98,67,2.33,IE,1723083735
486,ingeniero jacobacci,-41.3427,-69.5448,1.49,70,6,0.94,AR,1723083736
487,westport,41.1415,-73.3579,19.36,86,100,3.09,US,1723083737
488,urangan,-25.3,152.9,19.43,68,0,7.63,AU,1723083738
489,burley,42.5357,-113.7928,23.98,38,0,4.12,US,1723083638
490,ko lanta,7.5336,99.0865,28.14,73,100,0.88,TH,1723083741
491,bandarbeyla,9.4942,50.8122,25.68,74,46,11.41,SO,1723083742
492,fukuecho,32.6881,128.8419,32.2,70,40,3.6,JP,1723083743
493,bure,10.7,37.0667,12.63,96,95,1.46,ET,1723083744
494,antofagasta,-23.65,-70.4,13.6,78,12,3.36,CL,1723083709
495,katsuren-haebaru,26.3369,127.8719,33.01,76,75,4.63,JP,1723083747
496,kroya,-7.6331,109.2461,30.24,77,84,5.28,ID,1723083748
497,stjordalshalsen,63.4681,10.9262,19.0,77,75,4.12,NO,1723083749
498,nainwa,25.7667,75.85,25.57,82,100,4.39,IN,1723083750
499,mikuni,36.2171,136.1519,28.95,76,28,3.0,JP,1723083751
500,zaozersk,69.4005,32.4476,13.68,58,74,2.51,RU,1723083752
501,yuzhno-kurilsk,44.0306,145.8556,17.96,100,100,1.65,RU,1723083753
502,inari,68.906,27.0288,7.11,64,2,2.16,FI,1723083755
503,gueckedou,8.6667,-10.25,21.04,99,100,2.09,GN,1723083756
504,guerrero negro,27.9769,-114.0611,24.2,69,0,6.15,MX,1723083757
505,machico,32.7,-16.7667,23.35,73,40,6.69,PT,1723083758
506,guliston,40.4897,68.7842,25.95,26,0,1.95,UZ,1723083759
507,natal,-5.795,-35.2094,22.36,88,20,2.06,BR,1723083363
508,melekeok village,7.4957,134.6367,28.31,94,100,2.06,PW,1723083761
509,bamboo flat,11.7,92.7167,29.05,84,75,1.03,IN,1723083762
510,novaya lyalya,59.055,60.599,9.13,90,81,2.17,RU,1723083764
511,cradock,-32.1642,25.6192,11.51,31,0,2.78,ZA,1723083765
512,nyurba,63.2842,118.3319,20.16,45,9,2.59,RU,1723083766
513,tadine,-21.55,167.8833,22.25,57,100,5.45,NC,1723083767
514,labytnangi,66.6572,66.4183,10.45,69,14,0.73,RU,1723083768
515,tetyushi,54.9382,48.8366,18.29,80,100,3.25,RU,1723083769
516,crane,31.3974,-102.3501,35.75,19,0,0.92,US,1723083770
517,abadan,30.3392,48.3043,32.97,27,0,5.14,IR,1723083772
518,rantauprapat,2.1,99.8333,23.8,98,100,0.73,ID,1723083773
519,kiunga,-6.1219,141.2906,26.69,82,95,2.29,PG,1723083774
520,berezovyy,51.6667,135.7,22.39,78,100,3.01,RU,1723083641
521,kismayo,-0.3582,42.5454,24.48,78,77,6.77,SO,1723083776
522,kirensk,57.7853,108.1119,21.93,58,55,4.37,RU,1723083777
523,amahai,-3.3333,128.9167,25.83,83,75,3.55,ID,1723083778
524,souillac,-20.5167,57.5167,22.21,73,40,2.06,MU,1723083780
525,gharghoda,22.1667,83.35,24.9,94,100,0.97,IN,1723083781
526,shenkursk,62.1091,42.896,13.4,82,99,1.33,RU,1723083614
527,kulhudhuffushi,6.6221,73.07,28.23,73,11,7.31,MV,1723083677
528,igarka,67.4667,86.5833,12.64,60,1,4.69,RU,1723083784
529,manta,-0.95,-80.7333,23.88,78,75,4.63,EC,1723083785
530,gering,41.8258,-103.6605,19.56,51,100,7.72,US,1723083787
531,puerto deseado,-47.7503,-65.8938,4.2,84,44,7.88,AR,1723083788
532,mawu,34.4307,104.9176,16.67,97,100,2.68,CN,1723083789
533,wau,7.7029,27.9953,21.42,92,100,1.09,SS,1723083790
534,essaouira,31.5125,-9.77,20.72,94,6,3.09,MA,1723083791
535,lido di ostia,41.7321,12.2765,25.88,50,0,0.51,IT,1723083792
536,nanakuli,21.3906,-158.1547,30.97,54,0,5.14,US,1723083793
537,polewali,-3.4324,119.3435,28.41,69,10,1.3,ID,1723083795
538,campos sales,-7.0744,-40.3761,21.8,49,1,4.08,BR,1723083796
539,gopalpur,19.2667,84.9167,28.53,70,100,1.19,IN,1723083797
540,bafq,31.6128,55.4107,30.5,12,0,0.39,IR,1723083798
541,marka,1.7159,44.7717,24.08,85,77,5.42,SO,1723083700
542,badin,24.656,68.8384,28.08,73,99,6.17,PK,1723083800
543,acarau,-2.8856,-40.12,25.57,85,9,7.84,BR,1723083801
544,nykvarn,59.8,18.3,17.35,97,100,2.04,SE,1723083802
545,svencionys,55.15,26.1667,12.86,93,0,1.07,LT,1723083804
546,alaghsas,17.0187,8.0168,27.2,56,52,2.99,NE,1723083805
547,sumbawanga,-7.9667,31.6167,12.35,44,100,1.17,TZ,1723083806
548,kapuskasing,49.4169,-82.4331,18.05,72,100,1.54,CA,1723083807
549,chibougamau,49.9168,-74.3659,12.79,88,40,0.0,CA,1723083808
550,basco,20.4487,121.9702,28.72,83,99,10.07,PH,1723083809
551,ar ruways,24.1103,52.7306,32.13,57,45,2.16,AE,1723083810
552,wynyard,-41.0,145.7167,12.57,78,100,6.37,AU,1723083754
553,al hazm,16.1641,44.7769,26.03,52,100,4.69,YE,1723083814
554,uusikaupunki,60.8004,21.4084,16.22,84,11,1.99,FI,1723083815
555,hoi an,15.8794,108.335,32.98,56,2,1.08,VN,1723083816
556,bridlington,54.0831,-0.1919,13.9,84,4,2.24,GB,1723083817
557,camapua,-19.5314,-54.0439,22.0,36,2,0.41,BR,1723083818
558,alofi,-19.0595,-169.9187,24.94,61,40,7.72,NU,1723083819
559,sao miguel,-5.4667,-35.3667,22.43,78,90,5.82,BR,1723083821
560,kencong,-8.2833,113.3667,27.53,67,1,1.62,ID,1723083822
561,kolonia town,6.964,158.206,32.0,66,40,4.12,FM,1723083823
562,horta,38.5333,-28.6333,22.79,80,0,2.68,PT,1723083825
563,castillos,-34.1667,-53.8333,7.39,84,17,3.06,UY,1723083826
564,bikaner,28.0167,73.3,28.33,72,94,6.91,IN,1723083827
565,mariental,-24.6333,17.9667,16.11,14,0,5.39,NA,1723083603
566,tatarsk,55.219,75.9828,15.8,91,75,3.32,RU,1723083830
567,shahpur,16.7,76.8333,23.58,90,100,3.04,IN,1723083831
